{
  "na_avian": {
    "6mo": [
      1.196953781512605,
      0.9101086124231077,
      1.5742059085265159,
      0.21236906839666453
    ],
    "2yr": [
      0.9234298050327194,
      0.7021530263317416,
      1.2144398341165676,
      0.5779644187418305
    ],
    "6yr": [
      0.7373322809786899,
      0.5229258062965005,
      1.0396482369527225,
      0.0924029377290458
    ],
    "10yr": [
      0.6080142642642643,
      0.39512965480437057,
      0.9355950409033322,
      0.025949664664837238
    ]
  },
  "eurasian_avian": {
    "6mo": [
      0.7008,
      0.41344541285666286,
      1.1878729929705771,
      0.20361979042408923
    ],
    "2yr": [
      0.6424287067241924,
      0.40574062309724546,
      1.0171883704245246,
      0.07178928426193935
    ],
    "6yr": [
      0.543859649122807,
      0.33522983432749104,
      0.8823299350350411,
      0.016827076589495844
    ],
    "10yr": [
      0.5471813725490197,
      0.31102105008071673,
      0.962659776201406,
      0.034975674177774294
    ]
  },
  "swine": {
    "6mo": [
      2.438241899262111,
      1.660718677843477,
      3.5797896649402445,
      1.6416963315216463e-06
    ],
    "2yr": [
      2.478298548422041,
      1.7697336788541582,
      3.4705581797412055,
      1.1472289359674728e-07
    ],
    "6yr": [
      1.8808411214953271,
      1.27667439244096,
      2.770920561462891,
      0.002364426882384619
    ],
    "10yr": [
      1.3429295255642562,
      0.8066605508397426,
      2.235710806428821,
      0.2632802196989871
    ]
  }
}