{
  "na_avian": {
    "clock_rate": 0.0014153628923017929,
    "root_yr": 1932.7972743811047
  },
  "eurasian_avian": {
    "clock_rate": 0.0010022429427303807,
    "root_yr": 1925.5975498054086
  },
  "swine": {
    "clock_rate": 0.003923517661115446,
    "root_yr": 1965.3744788462288
  },
  "canine": {
    "clock_rate": 0.0021760366926091234,
    "root_yr": 2004.8254515694057
  },
  "human": {
    "clock_rate": 0.00417372439954042,
    "root_yr": 1967.4178682706547
  },
  "equine": {
    "clock_rate": 0.001865099192944831,
    "root_yr": 1954.4550337364963
  }
}